id,name,billing_country
1,Serenity Ladner,Canada
2,Lucy Baldwin,Canada
5,Skylar Coffman,USA
6,Riley Kinsey,USA
7,Heidi Spurlock,Canada
10,Makenna Rojas,Canada
15,Lillian Strange,Canada
17,Erin Gorman,Canada
18,Abigail Le,USA
22,Alana Herzog,USA
30,Amelia Kruger,Canada
31,Katherine Lilly,USA
32,Nicole Fitch,Canada
33,Reagan Floyd,Canada
34,Penelope Robinson,Canada
41,Crystal Barney,Canada
46,Guadalupe Childers,Canada
49,Amelia Sosa,USA
53,Hillary Davis,UK
56,Ethel Edwards,UK
68,Hollye Thompson,UK
73,Truly Johnson,UK
89,Amelia Jackson,UK
92,Hollace Davis,UK
125,Arabelle Perrin,France
127,Azalais LabanDe_Labaye,France
141,Yolande Montrosier,France
153,Claudia Canete Orteguilla,Spain
154,Naroa Miralles Edinho,Spain
156,Naroa Puig Cadero,Spain
160,June Moran Chaves,Spain
162,Lucia Massana Feliu,Spain
173,Laura Gaspar Raimondi,Spain
186,Lucia Roca Miguez,Spain
188,Marta Archuleta Estrada,Spain
194,Marta Samper Castanada,Spain
197,Lucia Edinho Ferrer,Spain
200,Elvia Herrera Ramirez,Mexico
201,Geavonna Amado Benavides,Mexico
202,Guadalupe Moctezuma Lizarraras,Mexico
206,Aura Santa Godoy,Mexico
207,Elvia Buentello,Mexico
209,Dominga Millan Santos,Mexico
224,Leandra Vigil Garcia,Mexico
233,Silvia Trujillo Telles,Mexico
243,Inez Estrada Malo,Mexico
247,Graciela Elizondo Sanchez,Mexico
253,Marietta Menicossa,Italy
255,Rossanna Colombi,Italy
257,Bina Tella,Italy
258,Sempronia Bonauiti,Italy
265,Octavia Mannelli,Italy
266,Rea Benincasa,Italy
267,Ernestina Zambaco,Italy
276,Sara Runggaldier,Italy
284,Bina Cossiga,Italy
286,Giustina Gandolfi,Italy
297,Carlotta Baio,Italy
301,Katharina Gerg,Germany
303,Lena Ackermann,Germany
305,Anna Kraushaar,Germany
306,Anna Fliehman,Germany
314,Maria Benz,Germany
320,Lena Wise,Germany
327,Leah Metterling,Germany
329,Lena Oshin,Germany
335,Marie Stroebel,Germany
340,Marie Krausse,Germany
347,Vanessa Kirchhoff,Germany
349,Anne Magel,Germany
350,Sandra Parn,Hungry
353,Karolina Takacs,Ukraine
354,Tereza Balogh,Moldova
355,Natalie Koppel,Austria
357,Karolina Szilagyi,Estonia
359,Nikola Takacs,Austria
360,Katherine Tamm,Bulgaria
362,Anna Marek,Slovenia
363,Anna Molnar,Estonia
364,Theresa Kocsis,Ukraine
365,Laura Szilagyi,Hungry
370,Theresa Saar,Georgia
371,Theresa Feher,Czech Republic
373,Nikola Molnar,Belarus
376,Kristina Hovath,Belarus
382,Anna Kukk,Estonia
386,Eliska Kucera,Armenia
387,Diana Kovacs,Macedonia
389,Kristyna Kocsis,Moldova
391,Theresa Meszaros,Ukraine
392,Katerina Molnar,Serbia
393,Anna Toth,Latvia
395,Anna Dvorak,Lithuania
398,Sandra Lakatos,Poland
400,Julie Jansson,Sweden
403,Agnes Korhonen,Sweden
404,Nora Korhonen,Denmark
411,Iida Larsson,Finland
415,Emma Petersson,Norway
417,Sara Persson,Iceland
422,Ida Petersson,Sweden
425,Sara Lindberg,Norway
426,Julia Pettersen,Finland
428,Iida Johansson,Sweden
433,Wilma Bengtsson,Iceland
438,Aada Magnusson,Denmark
439,Ida Olsen,Finland
442,Hanna Jacobsen,Denmark
444,Thea Haugen,Iceland
446,Siiri Larsen,Finland
449,Thea Johansen,Norway
452,Yelena Novikov,Russia
455,Yelena Vorobyrov,Russia
458,Ksenia Ivanov,Russia
459,Tatiana Lebedev,Russia
460,Marina Bogdanov,Russia
463,Natasha Bogdanov,Russia
466,Anastasiya Semyonov,Russia
469,Inna Novikov,Russia
470,Sofia Vasilyev,Russia
478,Anna Smirnov,Russia
481,Sofia Vinogradov,Russia
485,Mariya Kozlov,Russia
487,Sofia Morozov,Russia
492,Dariya Ivanov,Russia
493,Irina Lebedev,Russia
495,Polina Popov,Russia
496,Yelizaveta Semyonov,Russia
503,Ayse  Erbil,Turkey
516,Sevil Caker,Turkey
522,Ozelm  Erbil,Turkey
525,Cezmiye Baykal,Turkey
526,Sezai  Korkmaz,Turkey
527,Esra  Kader,Turkey
553,Nazirah Bakahasab,United Arab Emirates
555,Kareema Vahdat,Lebanon
558,Najya Javed,Qatar
559,Thana Mualimi,Yemen
563,Ruwaydah Diba,Kuwait
566,Kareema Anvari,Yemen
569,Alia Hejazi,Kuwait
571,Johara Shia-Agil,Kuwait
574,Rana Surur,Saudi Arabia
575,Maram Madani,Kuwait
576,Nudar Vafa/i,Oman
577,Mawiyah Jayhoon-Ahmed,Qatar
580,Wijdan Al-Ansar,Bahrain
584,Basimah Mushtaq,Jordan
587,Mufidah Sumech,Oman
588,Azeeza Al-Dossari,Kuwait
589,Latifah Estili,Yemen
591,Wafa Mushtaq-bin-Mohammad,Kuwait
592,Fatima Al-Taleqani,Jordan
594,Mariam Alam,Saudi Arabia
595,Jumanah Karim,Oman
596,Adara Ikram,Bahrain
598,Arub Estilidaei,Yemen
610,Nagla Mahfouz,Egypt
611,Efra Al Effendi,Egypt
657,Agam Yosef,Israel
660,Tamar David,Israel
661,Yael Golan,Israel
665,Nicol Malcah,Israel
671,Yael Amar,Israel
672,Shira Tal,Israel
676,Agam Adrei,Israel
701,Nahweh Desta,Angola
703,Nichelle Gashi,Zimbabwe
706,Nimeesha Osei,Djibouti
707,Winta Abraha,Gabon
710,Tanginika Chahine,Mauritius
712,Tandice Sylla,Mali
715,Zabia Nwosu,Botswana
716,Yamah Hailesellasie,South Africa
721,Ayana Sow,Mali
722,Wyiata Hailemariam,Burundi
724,Chioma Ballo,Mali
725,Ananda Gashi,South Africa
726,Jariah Desta,Benin
727,Tyronica Turay,Uganda
728,Tonia Adoyo,Tunisia
730,Vasha Nwosu,Cameroon
731,Kande Sane,Benin
732,Bikita Sow,Zimbabwe
734,Falala Wangai,Morocco
735,Maisha Hagos,Gabon
736,Malika Tewoldeberhan,Malawi
737,Tazara Sy,Ghana
742,Latoya Omondi,Moxambique
744,Ebere Hailesellasie,Lesotho
745,Shakila Cisse,Cameroon
748,Yoruba Demoz,South Africa
805,Ahladita Yeshonath,India
810,Kamalalocana Eknath,India
813,Mena Pooja,India
815,Sahana Vasuman,India
821,Druti Chatterjee,India
831,Aparna Pasram,India
834,Malar Koppala,India
835,Candragolika Vuppula,India
836,Jitya Garikapaty,India
837,Bridgnandan Pallavan,India
839,Arya Vallath,India
841,Amita Vakil,India
849,Bakula Harishandra,India
850,Huie Hui-fang,China
851,Xie Kuei-fen,China
853,Xiang Wen-jing,China
854,Qin Miao-yin,China
858,Hou Feng-ying,China
859,Lim Ding,China
861,Xiao Ming-zing,China
863,Chu An,China
872,Sha Mae-wan,China
878,Woo Jian-ku,China
879,Guo Yong-mei,China
882,Koh Su-chu,China
884,Quian Qiu-ju,China
885,Bao Xu-xa,China
886,Kum Su-yin,China
889,Tan Fei,China
890,Xue Bao,China
891,Lan Dan,China
894,Zeng De,China
906,Harumi Tokudaiji,Japan
907,Misato Arishima,Japan
921,Kochiyo Fukao,Japan
922,Mayo Kon,Japan
933,Tokie Hattori,Japan
940,Mitsuyo Nakasone,Japan
943,Katsue Kawayama,Japan
955,Woo Mi-kum,South Korea
956,Chang Eun-sook,South Korea
962,Han Eun-seong,South Korea
965,Jo Young-nae,South Korea
967,Koo Byung-soon,South Korea
971,Moon Jong-hui,South Korea
973,Son Myung-sun,South Korea
976,Ma Sang-jin,South Korea
978,Chi Ok-myung,South Korea
985,Chi Hee-yun,South Korea
988,Ryom Chan-sook,South Korea
997,Bang Seong-shin,South Korea
1008,Bui Thom,Vietnam
1014,Do Ly,Vietnam
1050,Carlos Krause,USA
1051,Chris  Wesley,Canada
1052,Jared Clarke,Canada
1053,Jesus Luther,USA
1060,Jorge Peterson,USA
1062,Benjamin Snyder,Canada
1064,Hunter Sherman,USA
1065,Braylon  Crowder,USA
1067,Daniel Grogan,Canada
1068,Enrique  Curran,Canada
1069,Kaiden Ocampo,USA
1070,Seth Bowden,USA
1073,Bryson Dodson,Canada
1077,Mason Bernier,Canada
1079,Bryson Alonzo,Canada
1083,Austin Cummings,Canada
1085,Isaiah Flint,Canada
1087,Colton Felix,Canada
1090,Javier Lankford,Canada
1091,Antonio Calloway,USA
1094,Damian Schaeffer,USA
1096,Dustin  Putnam,Canada
1116,Zebediah Green,UK
1122,Gibson Davies,UK
1128,Garron Wood,UK
1139,Vaughn White,UK
1164,Ugs Janin,France
1170,Isarn Boirot,France
1174,Girauda Gaudet,France
1176,Pons Baluze,France
1181,Thomas Beautell,France
1183,Corin Auber,France
1190,Ferrandos Bautain,France
1193,Sulpice Reaume,France
1194,Catulle Mazarin,France
1199,Jean-Marc Chambon,France
1204,Joel Jimenez Alegria,Spain
1207,Carlos Maldonado Ruiberriz,Spain
1208,Daniel Aguirre Cordobes,Spain
1220,Gerard Minguet Concepcion,Spain
1222,Alex Ussica Miralles,Spain
1223,Hugo Rollero Chilavert,Spain
1228,Alejandro Santos Seda,Spain
1232,David Terrazos Arellano,Spain
1256,Daniel Rodas Ana,Mexico
1263,Heraclio Villarreal Vallejo,Mexico
1265,Enriqueta Rovirosa Sarachaga,Mexico
1275,Eber Castano Fernandez Davila,Mexico
1276,Nadia Portillo Parada,Mexico
1278,Isidoro Blas Lugo,Mexico
1281,Javier Jurado Jaen,Mexico
1284,Spiro Santos Monroy,Mexico
1289,Enrique Serdan Pulido,Mexico
1304,Onofredo Tasso,Italy
1313,Dionigi Avanzi,Italy
1317,Camillo Randi,Italy
1318,Uberto Pedercini,Italy
1325,Urbano Delogu,Italy
1326,Silvestro Borghini,Italy
1336,Filippo Majarelli,Italy
1343,Damone Alicata,Italy
1344,Lidano Aragazzi,Italy
1353,Paul Frankenheimer,Germany
1361,Lukas Specht,Germany
1365,Daniel Gier,Germany
1366,Lucas Knueven,Germany
1368,David Titschinger,Germany
1370,Fabian Thon,Germany
1372,Lucas Eschenbach,Germany
1375,Felix Rantzen,Germany
1378,Lukas Schwetschenau,Germany
1380,Luca Jaekle,Germany
1384,Alexander Aschenbach,Germany
1386,Tobias Bracher,Germany
1387,Simon Klais,Germany
1388,Simon Mittermayer,Germany
1394,Felix Maurer,Germany
1395,Felix Guenthner,Germany
1396,Tobias Oberhofner,Germany
1399,Simon Schavillie,Germany
1404,Martin Szucs,Lithuania
1406,Jakub Balazs,Hungry
1408,Jan Luik,Poland
1414,Markus Simon,Latvia
1416,Lukas Juhasz,Slovakia
1418,Pawel Pinter,Georgia
1419,Martin Sepp,Slovenia
1421,Jan Novak,Georgia
1422,Vojtech Kask,Austria
1423,Tomas Szilagyi,Croatia
1425,Jonas Novak,Belarus
1426,Jan horak,Ukraine
1429,Filip Oja,Moldova
1431,Marcin Oja,Hungry
1434,Robin Kask,Latvia
1435,Martin Simon,Lithuania
1436,Sander Nemeth,Macedonia
1437,Marcin Olah,Slovakia
1440,Matej Nemec,Bulgaria
1442,Jan Lakatos,Albania
1444,Krzysztof Cerny,Croatia
1445,Martin Parn,Latvia
1446,Martin Torok,Estonia
1447,Jonas Papp,Serbia
1448,Marcin Tamm,Lithuania
1449,Pawel Saar,Poland
1450,Alexander Jacobsen,Norway
1454,Viktor Gustafsson,Iceland
1455,Alexander Pedersen,Denmark
1457,Leevi Nilsen,Iceland
1460,Veeti Gustavsson,Sweden
1464,Arttu Pettersen,Denmark
1465,Emil Olsen,Finland
1469,Alexander Hansson,Denmark
1471,Eetu Jonsson,Sweden
1472,Aleksi Laine,Denmark
1473,Hugo Johnsen,Norway
1474,William Petersson,Finland
1475,William Karlsson,Sweden
1477,Oscar Svensson,Norway
1481,Alexander Carlsson,Finland
1482,Isak Svensson,Norway
1483,Oscar Jonsson,Finland
1496,Tobias Eriksen,Finland
1497,Filip Pettersson,Iceland
1504,Yuri Lebedev,Russia
1506,Yegor Vorobyrov,Russia
1509,Aleksey Popov,Russia
1518,Nikolai Ivanov,Russia
1520,Anatoly Smirnov,Russia
1524,Alexsandr Morozov,Russia
1525,Maxim Kuznetsov,Russia
1527,Vladimir Semyonov,Russia
1528,Igor Petrov,Russia
1531,Yuri Kozlov,Russia
1535,Daniil Volkov,Russia
1540,Igor Kozlov,Russia
1542,Nikolai Golyubev,Russia
1553,Cumhur Ozdemir,Turkey
1557,Erdal Yilmaz,Turkey
1565,Abbas  Aksu,Turkey
1570,Cengiz Ozdemir,Turkey
1575,Esen Baykal,Turkey
1591,Aytac Sahin,Turkey
1595,Hincal Baig,Turkey
1601,Ma/'n Khanlary,United Arab Emirates
1605,Qatadah Shouaa,Yemen
1608,Yaaseen Maradi,Jordan
1612,Thaqib Abelzada,Yemen
1613,Salah Dihqani,Saudi Arabia
1616,Haatim Al-Mutadee,Saudi Arabia
1622,Abu Dhabihiyan,Yemen
1625,Akram Izadi,Oman
1626,Jabaar Ishraqi,United Arab Emirates
1628,Afeef Zahed,Jordan
1633,Majd Waqar,Saudi Arabia
1636,Abbas Salimpour,Qatar
1637,Crear Amin,Oman
1638,Majd Vahdat,Oman
1643,Fataah Akhlaqi,United Arab Emirates
1645,Marzouq Al-Razi,Iraq
1649,Mutee Ammini,Kuwait
1653,Hassan El Sayed,Egypt
1657,Ahmad El Hindi,Egypt
1658,Nokrashy Allam,Egypt
1661,Kareem El Sayed,Egypt
1662,Moneim Sabry,Egypt
1673,Boutros Al Effendi,Egypt
1690,Sami Ghandour,Egypt
1694,Hassan Shehata,Egypt
1714,Mosheh Hadad,Israel
1735,Yehonatan Levi,Israel
1741,Baasal Malcah,Israel
1753,Siafa Omondi,Botswana
1757,Kofa Kone,Angola
1759,Zwana Desta,Kenya
1761,Boikai Owiti,Algeria
1762,Goma Gashi,Djibouti
1764,Sarh Wangai,Nigeria
1765,Wleh Atieno,Algeria
1768,Marbue Osei,Gabon
1769,Oso Jalloh,Namibia
1772,Tokpah Hailemariam,Tanzania
1774,Sia Chahine,Burkina Faso
1775,Ahmed Onyango,Ivory Coast
1780,Fokra Berhane,Zimbabwe
1781,Tehpoe Michieka,Lesotho
1782,Samson Sall,Djibouti
1783,Abu Diop,Mali
1784,Ansu Onyango,Cameroon
1785,Momolu Okeke,Algeria
1791,Kofa Sow,Moxambique
1792,Flomo Gebremichael,Algeria
1793,Sidiki Wangai,Tunisia
1795,Roger Osei,Eritrea
1796,Tokpah Fall,Madagascar
1797,Zinnah Omondi,Algeria
1851,Durvarana Shradhdha,India
1853,Javin Shorey,India
1855,Ahuka Tusti,India
1857,Kalyanavarman Niveda,India
1858,Arkaprakasa Kesiraju,India
1861,Anandi Sinduvalli,India
1863,Arganjan Sangodkar,India
1866,Anangam Ramamuthe,India
1870,Cariman Kotla,India
1871,Ayuddha Ramji,India
1874,Ghanshyam Rajat,India
1875,Arula Potla,India
1876,Acanda Kodanda,India
1877,Anantadeva Sara,India
1879,Navjot Nalini,India
1882,Anugra Vamshi,India
1883,Astrita Daruka,India
1884,Naina Mista,India
1885,Kirtita Solanki,India
1888,Dhrstaka Shashikanth,India
1889,Kamaraja Shrivastava,India
1891,Ciman Pandit,India
1892,Janardhan Salil,India
1893,Abhayananda Pillay,India
1894,Asirisa Kaalki,India
1896,Jayakrishna Naimish,India
1898,Amarajyoti Rajaraman,India
1900,Ti Wu-jiang,China
1901,Yan Liangde,China
1903,Choe Jin-guo,China
1907,Chao Wu-jiang,China
1908,Lopan Fook,China
1912,Guo Hsi-men,China
1914,Kun Hui-ying,China
1920,Fang Lu,China
1921,Tsung Xiang-ling,China
1922,Sui Tso-i,China
1926,Fang Ching-hsia,China
1927,Ding Guo-xiu,China
1928,Lu Hua-ding,China
1929,Lin Po-sin,China
1933,Ou-yang Guo-quiang,China
1936,Hoong I-po,China
1937,Ti Zhi-jun,China
1938,Chuko Gui-fan,China
1939,Kwan Du,China
1940,Pi Fu-quan,China
1946,Shang Xin-fang,China
1950,Mabuchi Muraguchi,Japan
1952,Toichi Amaya,Japan
1953,Shimei Kuramochi,Japan
1957,Iesada Etsuko,Japan
1959,Tsuneari Sakanoue,Japan
1962,Motoyuki Omura,Japan
1973,Motoshige Obinata,Japan
1977,Takamuku Ohira,Japan
1979,Naoya Kawatake,Japan
1980,Eichiro Aihara,Japan
1990,Kazuhiro Nijo,Japan
1992,Juzaburo Nemoto,Japan
1994,Takamori Okumura,Japan
2004,Oh Seung-Mee,South Korea
2008,Sun Yun-Bok,South Korea
2010,Shon Jae-Kwang,South Korea
2027,Ho Hong-Do,South Korea
2030,Rheem Seung-Hwa,South Korea
2039,Woo Song-Ho,South Korea
2040,Shin Chulsoon,South Korea
2046,Chi Chae-Pil,South Korea
2063,Vu Bao,Vietnam
2066,Huynh Sang,Vietnam
2067,Duong Hai,Vietnam
2080,Dang Sinh,Vietnam
2082,Pham Phuc,Vietnam
2084,Bui Tuan,Vietnam
2095,Ngo Vuong,Vietnam
2096,Phan Thinh,Vietnam
